ID,output
14189.0,
14742.0,
13905.0,
10072.0,
14879.0,
13815.0,
19697.0,
17494.0,
16252.0,
16260.0,
10947.0,
11538.0,
10851.0,
12313.0,
14644.0,
17497.0,
12965.0,
17746.0,
13264.0,
15763.0,
13170.0,
14479.0,
10346.0,
18970.0,
17476.0,
12119.0,
14522.0,
11345.0,
15683.0,
14338.0,
16930.0,
17549.0,
18555.0,
14186.0,
18035.0,
11346.0,
13372.0,
14401.0,
14478.0,
13391.0,
16092.0,
15117.0,
14560.0,
19618.0,
12155.0,
10961.0,
19868.0,
19198.0,
13726.0,
16666.0,
13672.0,
13886.0,
19523.0,
14938.0,
14487.0,
16576.0,
19957.0,
16881.0,
10869.0,
12817.0,
18557.0,
17299.0,
17226.0,
16112.0,
15144.0,
15823.0,
15010.0,
19373.0,
16184.0,
19047.0,
18646.0,
13344.0,
12342.0,
10553.0,
19450.0,
15128.0,
10044.0,
14856.0,
15428.0,
13473.0,
19872.0,
12692.0,
13888.0,
14823.0,
18733.0,
10761.0,
11591.0,
12327.0,
17004.0,
15680.0,
16195.0,
15474.0,
17284.0,
18908.0,
14277.0,
14924.0,
13919.0,
15254.0,
13202.0,
16766.0,
15324.0,
11368.0,
14317.0,
17266.0,
10189.0,
11028.0,
10711.0,
14874.0,
17245.0,
15974.0,
18994.0,
19872.0,
12836.0,
15735.0,
11353.0,
14846.0,
11607.0,
13728.0,
12620.0,
19347.0,
17014.0,
10978.0,
16929.0,
14490.0,
10736.0,
10832.0,
16282.0,
16616.0,
12892.0,
11476.0,
18604.0,
18388.0,
15459.0,
19991.0,
11707.0,
15249.0,
12753.0,
12678.0,
12090.0,
11738.0,
15311.0,
18015.0,
17528.0,
17736.0,
13587.0,
16934.0,
15540.0,
14747.0,
12975.0,
15694.0,
14344.0,
14572.0,
10307.0,
12026.0,
16554.0,
16700.0,
13786.0,
16165.0,
16976.0,
13586.0,
19410.0,
13542.0,
19105.0,
19973.0,
14026.0,
11506.0,
11425.0,
13730.0,
13253.0,
10186.0,
10809.0,
11795.0,
18543.0,
18362.0,
13995.0,
10536.0,
14044.0,
19927.0,
17615.0,
18727.0,
18771.0,
13751.0,
14283.0,
18190.0,
17278.0,
10752.0,
12564.0,
11398.0,
19817.0,
14156.0,
12295.0,
15417.0,
18793.0,
16618.0,
14281.0,
14392.0,
18011.0,
15583.0,
10853.0,
17807.0,
15393.0,
13289.0,
19822.0,
18886.0,
10177.0,
14577.0,
18219.0,
14509.0,
14527.0,
13842.0,
14454.0,
16119.0,
13938.0,
16049.0,
11768.0,
12562.0,
19072.0,
14570.0,
15242.0,
19577.0,
13699.0,
11489.0,
10405.0,
16463.0,
18427.0,
17779.0,
19503.0,
18055.0,
14554.0,
11991.0,
16016.0,
14763.0,
12176.0,
16500.0,
18573.0,
15997.0,
11663.0,
17710.0,
18226.0,
16116.0,
19502.0,
10649.0,
11084.0,
19327.0,
10637.0,
11760.0,
13449.0,
15935.0,
11072.0,
17281.0,
15610.0,
12145.0,
13466.0,
17722.0,
17284.0,
13237.0,
16664.0,
18592.0,
10210.0,
18383.0,
13584.0,
14105.0,
16851.0,
14346.0,
11572.0,
11851.0,
19382.0,
13313.0,
18996.0,
13389.0,
10441.0,
15762.0,
18406.0,
14788.0,
14524.0,
16412.0,
17011.0,
19109.0,
12360.0,
19737.0,
18685.0,
14151.0,
17459.0,
15394.0,
16874.0,
17767.0,
19352.0,
17268.0,
12073.0,
13015.0,
19340.0,
18682.0,
16552.0,
18528.0,
12495.0,
19558.0,
19171.0,
15043.0,
15417.0,
19232.0,
14602.0,
14575.0,
13755.0,
18810.0,
12265.0,
18386.0,
12881.0,
10829.0,
18570.0,
10649.0,
10694.0,
18455.0,
19978.0,
18559.0,
14255.0,
13406.0,
12497.0,
10297.0,
12814.0,
12860.0,
17062.0,
15484.0,
18760.0,
19591.0,
16925.0,
16229.0,
11394.0,
15441.0,
12012.0,
19874.0,
13265.0,
18499.0,
13782.0,
15564.0,
10159.0,
17812.0,
15720.0,
17952.0,
15372.0,
19327.0,
13753.0,
14852.0,
12675.0,
14249.0,
13963.0,
16465.0,
12064.0,
17594.0,
13674.0,
17797.0,
13003.0,
10006.0,
15017.0,
18981.0,
11492.0,
12135.0,
16850.0,
17430.0,
13878.0,
12367.0,
11987.0,
16139.0,
10728.0,
14578.0,
11055.0,
17575.0,
18481.0,
12694.0,
11635.0,
18145.0,
13886.0,
13749.0,
14724.0,
15962.0,
12678.0,
17953.0,
12103.0,
12186.0,
14027.0,
19364.0,
16204.0,
12308.0,
17813.0,
19604.0,
10484.0,
11301.0,
17478.0,
14472.0,
13338.0,
12236.0,
11827.0,
19728.0,
14136.0,
11508.0,
12211.0,
12743.0,
13750.0,
12758.0,
15479.0,
15037.0,
18419.0,
13846.0,
16063.0,
16120.0,
16383.0,
17194.0,
19525.0,
15782.0,
17978.0,
13260.0,
19978.0,
11776.0,
18879.0,
15691.0,
19349.0,
14753.0,
17487.0,
12268.0,
13901.0,
12071.0,
15560.0,
18975.0,
10943.0,
18111.0,
18527.0,
19891.0,
14382.0,
11662.0,
17854.0,
14971.0,
18074.0,
12272.0,
12020.0,
17229.0,
16819.0,
13783.0,
15872.0,
18099.0,
11983.0,
12387.0,
12136.0,
15869.0,
12571.0,
19610.0,
12264.0,
13961.0,
19623.0,
14413.0,
17659.0,
18652.0,
15466.0,
14825.0,
16928.0,
14520.0,
19685.0,
12724.0,
17751.0,
16999.0,
10873.0,
16285.0,
11677.0,
17419.0,
10654.0,
19452.0,
12014.0,
18210.0,
16941.0,
10318.0,
13070.0,
15929.0,
11570.0,
18212.0,
11059.0,
19960.0,
18245.0,
19608.0,
19293.0,
19842.0,
13347.0,
17144.0,
11065.0,
14019.0,
18452.0,
16494.0,
15341.0,
17434.0,
11183.0,
19379.0,
13298.0,
12496.0,
15120.0,
17642.0,
12162.0,
17188.0,
13599.0,
11512.0,
15963.0,
19671.0,
19617.0,
12576.0,
11818.0,
11269.0,
14484.0,
13267.0,
13713.0,
19398.0,
18891.0,
15247.0,
16933.0,
13729.0,
15784.0,
10193.0,
12868.0,
19985.0,
13859.0,
17705.0,
10900.0,
10696.0,
11822.0,
16670.0,
15021.0,
14346.0,
17104.0,
11291.0,
12094.0,
16878.0,
13245.0,
18072.0,
10426.0,
12372.0,
16992.0,
16507.0,
10999.0,
19742.0,
19311.0,
19213.0,
19079.0,
16537.0,
16338.0,
16297.0,
13678.0,
12779.0,
19663.0,
10327.0,
12229.0,
19878.0,
17661.0,
10006.0,
14785.0,
15836.0,
18468.0,
15532.0,
10078.0,
15254.0,
17419.0,
12106.0,
12081.0,
16056.0,
17040.0,
12314.0,
14290.0,
17067.0,
13494.0,
18746.0,
17479.0,
12293.0,
14755.0,
11080.0,
13740.0,
16905.0,
13328.0,
10247.0,
10252.0,
11216.0,
13585.0,
10345.0,
16676.0,
13896.0,
18348.0,
13161.0,
13217.0,
17446.0,
18634.0,
17200.0,
16829.0,
14716.0,
12919.0,
15146.0,
13165.0,
16271.0,
19589.0,
13825.0,
14254.0,
12243.0,
11368.0,
18620.0,
19321.0,
13180.0,
12935.0,
12920.0,
14619.0,
10202.0,
13348.0,
16377.0,
18909.0,
11676.0,
15456.0,
14163.0,
10005.0,
17012.0,
18193.0,
19219.0,
15504.0,
19316.0,
12723.0,
16462.0,
12529.0,
12099.0,
11369.0,
15486.0,
19391.0,
14050.0,
18051.0,
13734.0,
17035.0,
16250.0,
17048.0,
12958.0,
10253.0,
11127.0,
10042.0,
17029.0,
14028.0,
18637.0,
12463.0,
14896.0,
15434.0,
17107.0,
15026.0,
15906.0,
12228.0,
11806.0,
17977.0,
11294.0,
15387.0,
10748.0,
13800.0,
15124.0,
15406.0,
11955.0,
18756.0,
14945.0,
18049.0,
18076.0,
11716.0,
19020.0,
12121.0,
14525.0,
19321.0,
15223.0,
13252.0,
18504.0,
14318.0,
14685.0,
17311.0,
11579.0,
12094.0,
16467.0,
19955.0,
13939.0,
12851.0,
19103.0,
12528.0,
14608.0,
10825.0,
14697.0,
11525.0,
17653.0,
13084.0,
12273.0,
12891.0,
10097.0,
16658.0,
16358.0,
15141.0,
10601.0,
19746.0,
19310.0,
15481.0,
17643.0,
13464.0,
12440.0,
12291.0,
13597.0,
17558.0,
16328.0,
13812.0,
10898.0,
19349.0,
16708.0,
10897.0,
11441.0,
10747.0,
17503.0,
12571.0,
17537.0,
15157.0,
18818.0,
14954.0,
12841.0,
10126.0,
11228.0,
15984.0,
19094.0,
17662.0,
12138.0,
19005.0,
15250.0,
15010.0,
12113.0,
10792.0,
11172.0,
10801.0,
16493.0,
18390.0,
12339.0,
10273.0,
18228.0,
14740.0,
15999.0,
15104.0,
14519.0,
11424.0,
12740.0,
12017.0,
16884.0,
18162.0,
11971.0,
18003.0,
19740.0,
10438.0,
17955.0,
10116.0,
16338.0,
14663.0,
11617.0,
12195.0,
13009.0,
17198.0,
15305.0,
11744.0,
10701.0,
15204.0,
15394.0,
16953.0,
13727.0,
13042.0,
12362.0,
11975.0,
14070.0,
16827.0,
17088.0,
14885.0,
18449.0,
18169.0,
19214.0,
17637.0,
19980.0,
19199.0,
12011.0,
11567.0,
19782.0,
11204.0,
11437.0,
19598.0,
12129.0,
18055.0,
13407.0,
19322.0,
12092.0,
16204.0,
15863.0,
11176.0,
12386.0,
10834.0,
15987.0,
13383.0,
18512.0,
10275.0,
10139.0,
18845.0,
18675.0,
18930.0,
11916.0,
11689.0,
11658.0,
15524.0,
11024.0,
13170.0,
12172.0,
12586.0,
13513.0,
14294.0,
10923.0,
10424.0,
14473.0,
14544.0,
11712.0,
11684.0,
12581.0,
13310.0,
14326.0,
16043.0,
17571.0,
19897.0,
17743.0,
16530.0,
13719.0,
17107.0,
18272.0,
18274.0,
11076.0,
17920.0,
17216.0,
12359.0,
10752.0,
17054.0,
10497.0,
10555.0,
12203.0,
18684.0,
18700.0,
19313.0,
18827.0,
11850.0,
18416.0,
16483.0,
15113.0,
14006.0,
14379.0,
14069.0,
17859.0,
12188.0,
17636.0,
16131.0,
17102.0,
17955.0,
12555.0,
19438.0,
15414.0,
19167.0,
12272.0,
12369.0,
12176.0,
12271.0,
10696.0,
10021.0,
12942.0,
13281.0,
12044.0,
11613.0,
18592.0,
11660.0,
10404.0,
11053.0,
11840.0,
19906.0,
17780.0,
13519.0,
11124.0,
12720.0,
12421.0,
15064.0,
10974.0,
14183.0,
13714.0,
14737.0,
16575.0,
12984.0,
14969.0,
16250.0,
15339.0,
12205.0,
12306.0,
15566.0,
19755.0,
10510.0,
10964.0,
16603.0,
14454.0,
11178.0,
18740.0,
19833.0,
10811.0,
11227.0,
18877.0,
16374.0,
19528.0,
14260.0,
19248.0,
15342.0,
19520.0,
17167.0,
13737.0,
17156.0,
14794.0,
19553.0,
12058.0,
13508.0,
18158.0,
17533.0,
19460.0,
16476.0,
12137.0,
12308.0,
10447.0,
19886.0,
16389.0,
19766.0,
11301.0,
11744.0,
12231.0,
19684.0,
10006.0,
13286.0,
11311.0,
13851.0,
14813.0,
14675.0,
19117.0,
18938.0,
14258.0,
13180.0,
15585.0,
17817.0,
17494.0,
11582.0,
14349.0,
19363.0,
10594.0,
18243.0,
17300.0,
19409.0,
11309.0,
12246.0,
18352.0,
11011.0,
11552.0,
17393.0,
10084.0,
11311.0,
16025.0,
14172.0,
18168.0,
16658.0,
12695.0,
12811.0,
17871.0,
16750.0,
12875.0,
10230.0,
18488.0,
16320.0,
15461.0,
16273.0,
17305.0,
14412.0,
10702.0,
12948.0,
11466.0,
14707.0,
16384.0,
14529.0,
10007.0,
15224.0,
12740.0,
15281.0,
19637.0,
19099.0,
13662.0,
11000.0,
16217.0,
18346.0,
10647.0,
15813.0,
14192.0,
12611.0,
10488.0,
16916.0,
18949.0,
13129.0,
14147.0,
13395.0,
19259.0,
19530.0,
14354.0,
18734.0,
15532.0,
10172.0,
15697.0,
12548.0,
10676.0,
15979.0,
15639.0,
15996.0,
17740.0,
15942.0,
19597.0,
11524.0,
10461.0,
13713.0,
11273.0,
13785.0,
18160.0,
10978.0,
18426.0,
11360.0,
16537.0,
16065.0,
19523.0,
15769.0,
19016.0,
16012.0,
11548.0,
15960.0,
15321.0,
13692.0,
12182.0,
12324.0,
13565.0,
13371.0,
16678.0,
17944.0,
19518.0,
13349.0,
13006.0,
14924.0,
13742.0,
15786.0,
19994.0,
10356.0,
18916.0,
12608.0,
19020.0,
12228.0,
19839.0,
16558.0,
11936.0,
10923.0,
17173.0,
14637.0,
12438.0,
15534.0,
11249.0,
11536.0,
11749.0,
18937.0,
16693.0,
15618.0,
12684.0,
10111.0,
11503.0,
14407.0,
14609.0,
16482.0,
12376.0,
13963.0,
13358.0,
19451.0,
16161.0,
14400.0,
15089.0,
11727.0,
14302.0,
12047.0,
19271.0,
16779.0,
16120.0,
18177.0,
12111.0,
11251.0,
19571.0,
12250.0,
17359.0,
15762.0,
10648.0,
10576.0,
19644.0,
16109.0,
14380.0,
14345.0,
13391.0,
16736.0,
14085.0,
14025.0,
14449.0,
10107.0,
14953.0,
19332.0,
17394.0,
12977.0,
12669.0,
13864.0,
11149.0,
17273.0,
18974.0,
12003.0,
12194.0,
17900.0,
16409.0,
10170.0,
16548.0,
17986.0,
18602.0,
18735.0,
17838.0,
16043.0,
11073.0,
17294.0,
12500.0,
17649.0,
19016.0,
11557.0,
16391.0,
10482.0,
19005.0,
19859.0,
15658.0,
11819.0,
12234.0,
11175.0,
15544.0,
11033.0,
19039.0,
19083.0,
19580.0,
10456.0,
17569.0,
15310.0,
12021.0,
16478.0,
12602.0,
16392.0,
12837.0,
12587.0,
11020.0,
14671.0,
14453.0,
10260.0,
10409.0,
13132.0,
18809.0,
18262.0,
12030.0,
19289.0,
14556.0,
14575.0,
14965.0,
14763.0,
14737.0,
18072.0,
16292.0,
12160.0,
10529.0,
12087.0,
14780.0,
15416.0,
12486.0,
19084.0,
18885.0,
18882.0,
14309.0,
10743.0,
14415.0,
14811.0,
19413.0,
17380.0,
10581.0,
16199.0,
16657.0,
12111.0,
14634.0,
19528.0,
18627.0,
18127.0,
13243.0,
13256.0,
11737.0,
12876.0,
10065.0,
16068.0,
14102.0,
19197.0,
10877.0,
10817.0,
17719.0,
11742.0,
14212.0,
11845.0,
11538.0,
19431.0,
14764.0,
17839.0,
19699.0,
19909.0,
13421.0,
15894.0,
15292.0,
13824.0,
14771.0,
10287.0,
15204.0,
11439.0,
10510.0,
12216.0,
12255.0,
19157.0,
18516.0,
18582.0,
11003.0,
10755.0,
17223.0,
11030.0,
14582.0,
10678.0,
17986.0,
19334.0,
11130.0,
16110.0,
16615.0,
13030.0,
14557.0,
18825.0,
15593.0,
16212.0,
13243.0,
11754.0,
19732.0,
16729.0,
17476.0,
18309.0,
17345.0,
10970.0,
16590.0,
12495.0,
19081.0,
16459.0,
19853.0,
14544.0,
19457.0,
10300.0,
17778.0,
13995.0,
10300.0,
11734.0,
19122.0,
17500.0,
19778.0,
11182.0,
19861.0,
12885.0,
18381.0,
18988.0,
19220.0,
13492.0,
18264.0,
14324.0,
18442.0,
12997.0,
16905.0,
14090.0,
18144.0,
12363.0,
10680.0,
11075.0,
15676.0,
18374.0,
17044.0,
16011.0,
10915.0,
16088.0,
15221.0,
13710.0,
14384.0,
16180.0,
17560.0,
19673.0,
17836.0,
17217.0,
11150.0,
11226.0,
19977.0,
13941.0,
17799.0,
19920.0,
14986.0,
18671.0,
19012.0,
11817.0,
14791.0,
15528.0,
10751.0,
13664.0,
19587.0,
14486.0,
15663.0,
14220.0,
15713.0,
18689.0,
11113.0,
13670.0,
15094.0,
16939.0,
13803.0,
12668.0,
11611.0,
15466.0,
10648.0,
17363.0,
17394.0,
12547.0,
10839.0,
17950.0,
11313.0,
17365.0,
16421.0,
17960.0,
18559.0,
14913.0,
19128.0,
19757.0,
19911.0,
10409.0,
16618.0,
19462.0,
14670.0,
11393.0,
15130.0,
10698.0,
15665.0,
14921.0,
14737.0,
18392.0,
15888.0,
13825.0,
10076.0,
10763.0,
17522.0,
14660.0,
12504.0,
13849.0,
11935.0,
13169.0,
11817.0,
13663.0,
14536.0,
17648.0,
16356.0,
17402.0,
14324.0,
16811.0,
17315.0,
14088.0,
17611.0,
11132.0,
15755.0,
16378.0,
16864.0,
16993.0,
19361.0,
17493.0,
15553.0,
14559.0,
11115.0,
15392.0,
12623.0,
10459.0,
18992.0,
14758.0,
15430.0,
12684.0,
17857.0,
13068.0,
11349.0,
11961.0,
15312.0,
13589.0,
13394.0,
14969.0,
11178.0,
19545.0,
13252.0,
18471.0,
12226.0,
16167.0,
17933.0,
15406.0,
17775.0,
14441.0,
13055.0,
17756.0,
14349.0,
12608.0,
10122.0,
14350.0,
15035.0,
18476.0,
12141.0,
14836.0,
11527.0,
12719.0,
11009.0,
11812.0,
14725.0,
19374.0,
12967.0,
17072.0,
13866.0,
19727.0,
19151.0,
12231.0,
15502.0,
17568.0,
16697.0,
14314.0,
12972.0,
10103.0,
11220.0,
12738.0,
11146.0,
15188.0,
10496.0,
10582.0,
18311.0,
19215.0,
10834.0,
16383.0,
18999.0,
12511.0,
13532.0,
17623.0,
15918.0,
18347.0,
10079.0,
13294.0,
19035.0,
14625.0,
13348.0,
10287.0,
11052.0,
13316.0,
13825.0,
16374.0,
16925.0,
17420.0,
19511.0,
17374.0,
10509.0,
13053.0,
17872.0,
19958.0,
16568.0,
12008.0,
13013.0,
11566.0,
11437.0,
12548.0,
19495.0,
17303.0,
11861.0,
17656.0,
15567.0,
11921.0,
10616.0,
10378.0,
12618.0,
14705.0,
12210.0,
18789.0,
10807.0,
13229.0,
15345.0,
14552.0,
16297.0,
16768.0,
19360.0,
18007.0,
11720.0,
11359.0,
18597.0,
11768.0,
18613.0,
11495.0,
16106.0,
10775.0,
19705.0,
15299.0,
15992.0,
10443.0,
19240.0,
10707.0,
14400.0,
15466.0,
11941.0,
19119.0,
10076.0,
10395.0,
11907.0,
15383.0,
11521.0,
15704.0,
15392.0,
19680.0,
14127.0,
10980.0,
18289.0,
18018.0,
18487.0,
12590.0,
11028.0,
16206.0,
15160.0,
13091.0,
18815.0,
11581.0,
17074.0,
10824.0,
14090.0,
11353.0,
14216.0,
14415.0,
18113.0,
13890.0,
10082.0,
19945.0,
16870.0,
13827.0,
15075.0,
19307.0,
14992.0,
19957.0,
12728.0,
16500.0,
14077.0,
11456.0,
19061.0,
13268.0,
12784.0,
12585.0,
15306.0,
15876.0,
19464.0,
18526.0,
15302.0,
15243.0,
17834.0,
15215.0,
11777.0,
16782.0,
16754.0,
16708.0,
19309.0,
14131.0,
10455.0,
14108.0,
13643.0,
15897.0,
13651.0,
12413.0,
18086.0,
19848.0,
16829.0,
19585.0,
15254.0,
10407.0,
14825.0,
17087.0,
10568.0,
19219.0,
15357.0,
18784.0,
10416.0,
15394.0,
13586.0,
19654.0,
16460.0,
17238.0,
14652.0,
17560.0,
12191.0,
16837.0,
19722.0,
15927.0,
15089.0,
19237.0,
15118.0,
15672.0,
19192.0,
18887.0,
19981.0,
13932.0,
14980.0,
18552.0,
11474.0,
15166.0,
18813.0,
17055.0,
10500.0,
15369.0,
10914.0,
12117.0,
11329.0,
13749.0,
17225.0,
15003.0,
18168.0,
19027.0,
16829.0,
17303.0,
15927.0,
14612.0,
16612.0,
16152.0,
15305.0,
10046.0,
15048.0,
14637.0,
17341.0,
16989.0,
14468.0,
12191.0,
13745.0,
17884.0,
16990.0,
19369.0,
14523.0,
11946.0,
14966.0,
13233.0,
13259.0,
17724.0,
13830.0,
14969.0,
18939.0,
11905.0,
15014.0,
11979.0,
10311.0,
11359.0,
11684.0,
15615.0,
18821.0,
11564.0,
16111.0,
10999.0,
12201.0,
13239.0,
19205.0,
11200.0,
12557.0,
18434.0,
13560.0,
13639.0,
19530.0,
12505.0,
11202.0,
13871.0,
14911.0,
18517.0,
19575.0,
11468.0,
17377.0,
14384.0,
19662.0,
14502.0,
18267.0,
10331.0,
18063.0,
15747.0,
19769.0,
15232.0,
13099.0,
14730.0,
10071.0,
15115.0,
12505.0,
11509.0,
11644.0,
16341.0,
13623.0,
13040.0,
16810.0,
12819.0,
12892.0,
18227.0,
10375.0,
18637.0,
16142.0,
13436.0,
13203.0,
16188.0,
17244.0,
12360.0,
10606.0,
13030.0,
16900.0,
17978.0,
12407.0,
13776.0,
11767.0,
11853.0,
10824.0,
12157.0,
17452.0,
13551.0,
17038.0,
11404.0,
10236.0,
11158.0,
16013.0,
19632.0,
17821.0,
13982.0,
11694.0,
19500.0,
13202.0,
15288.0,
18120.0,
10683.0,
13859.0,
18026.0,
11664.0,
16532.0,
14599.0,
18819.0,
17600.0,
14869.0,
14112.0,
10566.0,
16744.0,
15629.0,
14575.0,
13629.0,
17813.0,
19909.0,
13131.0,
12176.0,
11439.0,
11026.0,
15398.0,
14310.0,
18781.0,
19627.0,
12835.0,
13147.0,
10240.0,
13328.0,
16984.0,
18536.0,
12338.0,
15493.0,
19757.0,
19848.0,
13969.0,
11663.0,
18309.0,
19093.0,
12284.0,
10178.0,
15793.0,
10171.0,
16263.0,
13005.0,
14462.0,
19386.0,
14745.0,
18338.0,
19892.0,
17773.0,
13113.0,
11784.0,
16607.0,
17684.0,
17307.0,
11854.0,
12425.0,
10227.0,
13207.0,
18326.0,
11055.0,
19874.0,
17039.0,
18141.0,
10426.0,
14332.0,
16702.0,
11716.0,
17217.0,
14204.0,
19266.0,
10528.0,
14819.0,
16737.0,
19126.0,
14312.0,
16716.0,
19566.0,
10805.0,
19212.0,
12463.0,
16500.0,
15660.0,
12368.0,
13034.0,
11943.0,
14637.0,
12189.0,
15616.0,
17254.0,
13953.0,
17672.0,
18212.0,
11283.0,
19459.0,
12632.0,
12914.0,
18866.0,
18453.0,
18806.0,
16396.0,
10473.0,
18205.0,
19447.0,
15336.0,
11707.0,
16718.0,
15917.0,
18224.0,
12088.0,
16806.0,
19953.0,
17220.0,
15924.0,
12316.0,
17295.0,
11475.0,
18589.0,
19534.0,
18049.0,
13632.0,
19500.0,
11442.0,
17147.0,
10780.0,
12958.0,
17334.0,
17336.0,
14690.0,
18666.0,
13864.0,
13799.0,
19855.0,
18809.0,
10615.0,
10733.0,
12484.0,
18499.0,
11111.0,
10603.0,
10724.0,
12047.0,
19639.0,
17751.0,
15860.0,
12970.0,
19757.0,
16067.0,
19282.0,
18673.0,
13748.0,
14642.0,
15565.0,
15420.0,
19305.0,
13225.0,
15323.0,
13923.0,
11187.0,
13132.0,
10848.0,
18163.0,
14689.0,
14324.0,
19966.0,
13903.0,
11636.0,
14238.0,
18742.0,
16511.0,
19523.0,
16303.0,
19479.0,
13665.0,
16070.0,
10757.0,
15772.0,
18677.0,
19517.0,
17724.0,
11635.0,
13033.0,
10639.0,
12683.0,
11731.0,
11567.0,
17903.0,
15624.0,
11297.0,
12442.0,
12416.0,
16206.0,
17758.0,
15663.0,
14651.0,
11076.0,
18955.0,
16362.0,
17085.0,
17946.0,
17741.0,
17094.0,
18751.0,
18059.0,
19388.0,
14977.0,
16629.0,
17021.0,
13648.0,
16629.0,
12144.0,
15091.0,
17609.0,
18728.0,
16278.0,
12155.0,
17832.0,
19588.0,
12487.0,
19517.0,
16416.0,
18628.0,
14998.0,
18788.0,
17993.0,
18767.0,
11875.0,
16886.0,
15437.0,
13594.0,
16105.0,
14294.0,
16742.0,
17837.0,
12558.0,
18392.0,
10490.0,
12027.0,
14764.0,
13689.0,
10270.0,
18468.0,
16657.0,
17887.0,
15251.0,
14945.0,
12460.0,
13619.0,
10712.0,
19157.0,
17843.0,
18052.0,
17703.0,
11216.0,
10061.0,
10465.0,
14054.0,
13862.0,
11493.0,
12433.0,
13522.0,
13184.0,
14530.0,
11189.0,
10798.0,
18810.0,
18060.0,
19343.0,
13900.0,
10743.0,
16894.0,
15705.0,
19137.0,
11927.0,
11450.0,
10591.0,
15600.0,
14154.0,
13288.0,
19059.0,
14436.0,
18324.0,
11430.0,
15984.0,
18136.0,
13109.0,
19421.0,
10377.0,
11804.0,
13146.0,
10868.0,
19606.0,
11498.0,
19994.0,
17802.0,
11341.0,
19726.0,
14799.0,
17037.0,
15924.0,
15110.0,
16093.0,
19829.0,
11742.0,
19542.0,
18593.0,
11955.0,
18759.0,
15847.0,
10868.0,
18277.0,
13413.0,
10703.0,
16582.0,
11601.0,
10232.0,
10905.0,
17432.0,
10958.0,
14711.0,
16698.0,
19876.0,
10153.0,
18622.0,
14429.0,
17135.0,
11392.0,
13690.0,
16721.0,
16101.0,
14399.0,
17289.0,
11767.0,
13116.0,
16314.0,
14501.0,
13643.0,
14744.0,
14692.0,
19262.0,
11050.0,
18199.0,
16919.0,
16811.0,
12161.0,
14619.0,
11325.0,
12177.0,
14847.0,
10311.0,
14532.0,
11261.0,
14890.0,
10680.0,
13501.0,
15871.0,
12185.0,
10221.0,
16049.0,
14520.0,
15674.0,
19206.0,
19443.0,
15605.0,
10960.0,
11074.0,
14440.0,
13692.0,
16029.0,
18327.0,
11172.0,
11353.0,
15516.0,
19293.0,
18250.0,
15693.0,
16528.0,
13024.0,
17534.0,
12720.0,
13712.0,
15056.0,
14207.0,
13715.0,
15757.0,
14716.0,
15656.0,
11457.0,
19552.0,
19952.0,
12638.0,
15556.0,
10577.0,
16089.0,
17078.0,
19343.0,
12766.0,
10263.0,
12469.0,
19212.0,
10951.0,
16961.0,
17490.0,
13780.0,
17842.0,
13034.0,
11584.0,
15819.0,
12144.0,
13723.0,
17689.0,
12959.0,
12425.0,
12003.0,
12115.0,
11889.0,
15689.0,
14393.0,
11021.0,
19059.0,
12349.0,
18663.0,
17332.0,
16449.0,
19189.0,
18461.0,
17202.0,
15817.0,
19402.0,
14015.0,
14105.0,
13783.0,
15214.0,
13376.0,
14576.0,
18365.0,
13726.0,
12147.0,
11574.0,
15983.0,
17671.0,
18821.0,
19746.0,
17527.0,
18352.0,
11984.0,
14875.0,
13396.0,
16054.0,
10045.0,
12728.0,
13084.0,
19859.0,
15230.0,
11708.0,
15206.0,
11261.0,
17690.0,
16834.0,
19349.0,
17294.0,
11507.0,
17916.0,
18307.0,
17532.0,
16618.0,
17640.0,
13201.0,
16194.0,
13951.0,
16299.0,
13537.0,
16291.0,
16799.0,
17976.0,
19090.0,
16749.0,
18271.0,
10349.0,
10133.0,
11032.0,
13006.0,
17635.0,
17267.0,
11754.0,
19144.0,
16428.0,
10251.0,
18031.0,
15865.0,
12212.0,
11821.0,
19996.0,
10775.0,
14264.0,
10280.0,
12383.0,
19584.0,
14234.0,
17872.0,
19122.0,
12981.0,
13722.0,
12088.0,
13151.0,
16776.0,
18487.0,
15119.0,
14253.0,
16375.0,
16329.0,
14072.0,
18829.0,
13755.0,
11259.0,
17745.0,
15855.0,
16328.0,
18729.0,
15961.0,
12573.0,
15824.0,
19002.0,
19174.0,
19906.0,
14936.0,
15161.0,
11438.0,
13214.0,
10436.0,
11099.0,
12152.0,
11497.0,
18594.0,
15392.0,
14059.0,
11332.0,
15359.0,
15929.0,
18141.0,
11099.0,
18778.0,
18875.0,
12635.0,
16033.0,
10919.0,
14459.0,
17791.0,
14767.0,
15163.0,
16332.0,
13238.0,
10999.0,
11583.0,
12179.0,
19042.0,
10240.0,
12407.0,
10457.0,
15879.0,
18797.0,
11046.0,
19677.0,
10549.0,
10919.0,
14174.0,
19576.0,
18959.0,
18333.0,
13539.0,
14211.0,
15093.0,
15305.0,
13852.0,
19377.0,
18006.0,
14144.0,
15690.0,
15436.0,
11248.0,
18089.0,
18458.0,
18505.0,
16687.0,
11518.0,
18807.0,
17996.0,
12380.0,
12910.0,
11925.0,
12120.0,
13711.0,
11197.0,
19280.0,
15764.0,
14680.0,
15575.0,
13957.0,
17785.0,
17013.0,
15496.0,
16588.0,
14975.0,
11634.0,
18884.0,
17161.0,
15362.0,
10751.0,
11421.0,
13056.0,
14538.0,
11431.0,
19821.0,
11694.0,
16206.0,
12123.0,
11592.0,
16879.0,
12033.0,
13577.0,
12592.0,
19937.0,
19228.0,
16577.0,
16502.0,
19791.0,
10040.0,
15480.0,
17762.0,
13162.0,
14982.0,
14284.0,
10078.0,
18045.0,
17012.0,
10110.0,
13372.0,
16598.0,
17629.0,
17279.0,
11032.0,
15235.0,
13895.0,
16068.0,
18514.0,
11505.0,
18077.0,
19927.0,
18871.0,
15875.0,
10522.0,
19662.0,
14697.0,
15119.0,
11293.0,
13444.0,
13974.0,
12005.0,
14831.0,
13369.0,
17710.0,
18940.0,
17327.0,
18174.0,
14467.0,
14513.0,
10766.0,
19699.0,
10858.0,
18327.0,
10280.0,
10969.0,
11050.0,
19069.0,
18398.0,
14900.0,
15848.0,
18079.0,
11957.0,
18125.0,
10681.0,
18524.0,
15073.0,
15863.0,
13056.0,
14678.0,
15109.0,
15634.0,
18535.0,
12900.0,
11553.0,
12440.0,
15659.0,
14271.0,
18699.0,
13296.0,
17913.0,
19406.0,
16739.0,
18825.0,
10848.0,
10899.0,
13216.0,
10286.0,
17833.0,
14205.0,
16549.0,
14465.0,
10665.0,
17359.0,
18098.0,
10815.0,
11448.0,
19847.0,
12395.0,
15706.0,
13767.0,
13409.0,
10888.0,
19008.0,
19854.0,
14109.0,
10153.0,
18678.0,
17046.0,
11152.0,
15625.0,
15928.0,
11819.0,
17368.0,
13281.0,
10591.0,
14976.0,
12349.0,
10497.0,
17671.0,
10145.0,
11613.0,
12870.0,
15653.0,
11455.0,
15591.0,
11288.0,
13531.0,
18310.0,
11209.0,
19420.0,
10585.0,
18009.0,
19439.0,
15533.0,
18525.0,
15682.0,
10072.0,
18183.0,
17770.0,
11425.0,
18681.0,
18877.0,
19168.0,
18255.0,
17189.0,
18085.0,
11136.0,
16641.0,
17517.0,
19460.0,
11514.0,
16612.0,
12308.0,
12202.0,
17409.0,
10039.0,
19952.0,
10148.0,
10219.0,
14869.0,
18409.0,
12225.0,
19965.0,
14167.0,
13918.0,
14609.0,
11922.0,
15477.0,
12640.0,
10070.0,
18057.0,
17839.0,
18733.0,
16771.0,
13679.0,
14173.0,
15253.0,
10165.0,
11003.0,
11590.0,
17947.0,
17308.0,
16730.0,
13589.0,
19326.0,
15839.0,
16873.0,
12605.0,
13685.0,
19274.0,
15233.0,
11466.0,
18176.0,
10116.0,
16588.0,
15103.0,
10568.0,
17395.0,
19769.0,
13822.0,
16156.0,
13657.0,
12777.0,
10309.0,
18393.0,
14986.0,
14799.0,
19171.0,
17937.0,
10511.0,
18949.0,
14346.0,
18325.0,
11842.0,
19986.0,
11787.0,
19536.0,
12453.0,
10454.0,
14852.0,
15764.0,
14346.0,
14944.0,
11185.0,
14463.0,
14334.0,
13344.0,
17752.0,
13372.0,
14615.0,
17602.0,
11194.0,
12715.0,
18437.0,
19016.0,
11907.0,
15855.0,
16886.0,
16822.0,
11763.0,
12666.0,
11419.0,
17738.0,
10453.0,
15570.0,
13670.0,
19301.0,
10817.0,
18528.0,
18392.0,
10874.0,
17811.0,
14337.0,
10124.0,
10897.0,
15670.0,
17571.0,
11008.0,
17915.0,
19132.0,
11948.0,
18777.0,
10640.0,
15849.0,
11714.0,
11333.0,
11448.0,
16435.0,
17480.0,
17890.0,
14512.0,
16395.0,
16794.0,
19732.0,
17253.0,
14718.0,
12408.0,
18417.0,
19400.0,
17925.0,
11837.0,
10119.0,
15590.0,
17810.0,
18581.0,
16345.0,
17236.0,
13677.0,
14750.0,
14865.0,
14812.0,
14054.0,
13257.0,
15972.0,
10182.0,
16980.0,
11895.0,
13659.0,
11796.0,
18554.0,
14856.0,
11280.0,
19317.0,
18478.0,
16747.0,
10188.0,
16484.0,
15609.0,
11351.0,
18550.0,
11509.0,
13141.0,
12606.0,
15373.0,
12239.0,
13663.0,
16812.0,
18225.0,
15630.0,
11489.0,
18834.0,
11334.0,
12490.0,
19340.0,
11083.0,
19353.0,
14930.0,
13663.0,
17152.0,
17373.0,
12477.0,
14629.0,
18302.0,
14507.0,
19166.0,
16494.0,
12687.0,
17722.0,
16837.0,
16215.0,
17584.0,
13967.0,
11534.0,
19046.0,
13773.0,
16386.0,
19222.0,
14742.0,
10154.0,
14686.0,
11960.0,
11281.0,
11579.0,
12284.0,
18883.0,
13671.0,
16933.0,
18911.0,
15469.0,
13000.0,
10489.0,
12773.0,
11442.0,
15425.0,
16129.0,
13185.0,
11986.0,
11489.0,
17767.0,
10094.0,
17294.0,
17716.0,
14515.0,
18873.0,
14339.0,
10868.0,
13815.0,
18376.0,
18140.0,
19044.0,
16791.0,
10230.0,
15628.0,
14800.0,
10196.0,
12115.0,
15748.0,
15925.0,
19978.0,
12940.0,
16666.0,
12422.0,
18564.0,
11723.0,
16491.0,
16453.0,
12677.0,
10251.0,
17746.0,
18063.0,
15580.0,
19200.0,
19406.0,
10613.0,
11475.0,
16623.0,
10073.0,
18374.0,
19593.0,
12964.0,
10306.0,
19568.0,
18689.0,
15538.0,
13279.0,
11043.0,
19705.0,
13981.0,
12431.0,
11562.0,
14029.0,
16224.0,
17750.0,
12344.0,
13838.0,
12547.0,
17270.0,
19226.0,
13435.0,
19910.0,
13326.0,
11596.0,
12791.0,
17976.0,
17439.0,
12392.0,
19744.0,
13741.0,
18679.0,
15987.0,
14357.0,
12301.0,
12917.0,
10449.0,
18885.0,
14886.0,
17533.0,
16694.0,
15397.0,
16769.0,
16046.0,
14074.0,
12050.0,
13123.0,
12853.0,
19478.0,
16156.0,
18384.0,
19298.0,
18252.0,
12336.0,
11111.0,
16501.0,
14860.0,
19377.0,
18170.0,
12009.0,
12051.0,
11168.0,
14104.0,
16067.0,
10039.0,
16714.0,
14926.0,
17968.0,
16005.0,
18652.0,
17599.0,
13384.0,
12357.0,
12763.0,
19755.0,
10047.0,
13918.0,
13947.0,
11335.0,
16816.0,
10460.0,
15797.0,
15068.0,
15233.0,
10950.0,
15133.0,
12909.0,
17046.0,
12164.0,
10981.0,
18764.0,
13887.0,
18190.0,
16029.0,
11881.0,
10766.0,
11151.0,
13233.0,
10195.0,
16027.0,
19252.0,
14581.0,
17214.0,
13394.0,
11817.0,
13431.0,
16667.0,
12029.0,
19352.0,
12351.0,
10863.0,
16212.0,
17833.0,
19796.0,
10517.0,
19270.0,
19280.0,
11425.0,
11075.0,
18622.0,
11571.0,
10094.0,
15611.0,
18991.0,
14362.0,
11383.0,
13532.0,
18965.0,
18140.0,
15754.0,
15820.0,
14679.0,
17051.0,
12154.0,
12900.0,
19135.0,
15419.0,
10798.0,
14929.0,
18230.0,
11423.0,
12882.0,
12792.0,
16737.0,
17709.0,
12994.0,
13951.0,
14823.0,
12094.0,
19433.0,
15802.0,
16199.0,
13241.0,
13436.0,
17481.0,
16292.0,
10444.0,
14241.0,
13255.0,
11034.0,
17913.0,
14318.0,
16519.0,
14076.0,
18019.0,
14837.0,
18528.0,
11960.0,
15537.0,
18157.0,
11361.0,
12741.0,
13630.0,
11531.0,
13416.0,
15511.0,
17568.0,
18512.0,
11071.0,
16527.0,
17707.0,
17673.0,
14074.0,
13442.0,
14156.0,
15135.0,
12899.0,
18439.0,
10623.0,
15999.0,
14250.0,
12481.0,
15269.0,
18902.0,
10446.0,
10887.0,
14255.0,
19806.0,
12222.0,
17088.0,
16057.0,
11143.0,
18179.0,
11384.0,
12953.0,
13500.0,
16235.0,
14054.0,
12203.0,
14299.0,
18586.0,
13271.0,
18950.0,
14703.0,
18830.0,
19308.0,
14838.0,
12819.0,
17338.0,
18970.0,
18769.0,
14758.0,
19939.0,
10363.0,
11435.0,
10881.0,
19714.0,
11773.0,
13351.0,
12530.0,
10393.0,
18404.0,
19530.0,
19432.0,
18011.0,
12470.0,
10232.0,
19314.0,
18243.0,
10680.0,
19468.0,
14435.0,
14954.0,
14845.0,
15437.0,
11478.0,
13330.0,
17267.0,
11840.0,
18675.0,
19596.0,
18784.0,
17363.0,
14608.0,
10676.0,
18264.0,
15835.0,
12564.0,
11854.0,
12927.0,
11581.0,
18792.0,
13316.0,
18698.0,
19173.0,
14452.0,
18200.0,
18980.0,
15921.0,
11754.0,
14825.0,
13905.0,
13564.0,
12306.0,
10532.0,
18482.0,
11129.0,
19243.0,
18601.0,
14307.0,
17415.0,
17806.0,
11676.0,
14436.0,
11694.0,
18352.0,
14553.0,
13690.0,
16723.0,
16397.0,
14965.0,
12390.0,
16499.0,
18157.0,
10799.0,
10459.0,
13100.0,
11502.0,
14474.0,
19687.0,
12013.0,
15421.0,
17771.0,
16101.0,
14240.0,
15080.0,
10546.0,
12300.0,
14425.0,
12757.0,
17942.0,
16699.0,
14993.0,
11238.0,
17999.0,
16469.0,
19380.0,
17752.0,
19902.0,
11429.0,
17652.0,
10423.0,
17373.0,
13549.0,
12798.0,
11336.0,
13455.0,
14475.0,
10664.0,
18307.0,
11521.0,
17978.0,
14967.0,
10701.0,
17826.0,
11244.0,
10870.0,
15681.0,
17621.0,
16406.0,
18272.0,
16337.0,
15996.0,
13603.0,
16004.0,
19053.0,
16491.0,
11482.0,
11770.0,
17468.0,
11344.0,
10081.0,
18164.0,
19401.0,
18316.0,
12740.0,
19303.0,
19062.0,
10833.0,
10566.0,
17813.0,
16564.0,
15802.0,
12510.0,
14790.0,
18575.0,
18295.0,
19569.0,
14386.0,
12422.0,
12644.0,
10997.0,
12733.0,
15653.0,
14569.0,
10575.0,
14808.0,
16007.0,
12817.0,
16800.0,
19797.0,
16268.0,
11898.0,
17420.0,
15494.0,
16118.0,
17353.0,
18884.0,
19783.0,
12105.0,
11405.0,
16928.0,
16574.0,
15583.0,
16103.0,
17758.0,
17097.0,
17968.0,
11650.0,
14172.0,
15323.0,
14855.0,
10768.0,
17447.0,
15450.0,
13778.0,
11411.0,
19867.0,
11689.0,
12946.0,
15521.0,
15026.0,
17520.0,
18846.0,
11454.0,
14646.0,
19358.0,
15398.0,
19270.0,
17785.0,
17178.0,
13735.0,
17539.0,
15770.0,
13207.0,
11221.0,
14957.0,
12148.0,
11493.0,
15836.0,
12967.0,
16222.0,
19574.0,
15089.0,
11458.0,
14075.0,
19184.0,
13495.0,
17507.0,
14194.0,
18157.0,
17729.0,
19305.0,
11798.0,
10947.0,
12805.0,
16403.0,
14152.0,
11987.0,
17558.0,
18771.0,
19313.0,
12246.0,
12193.0,
16350.0,
14152.0,
14551.0,
16570.0,
15305.0,
12293.0,
14769.0,
12021.0,
16484.0,
18412.0,
19054.0,
17161.0,
10364.0,
19837.0,
17896.0,
14689.0,
16038.0,
12866.0,
17658.0,
14190.0,
10711.0,
13868.0,
17813.0,
16757.0,
15214.0,
16820.0,
11878.0,
11700.0,
11404.0,
19417.0,
10315.0,
14790.0,
16564.0,
16841.0,
18899.0,
14729.0,
12026.0,
15892.0,
11261.0,
18564.0,
12532.0,
19623.0,
14100.0,
11626.0,
15021.0,
11456.0,
15794.0,
11270.0,
18203.0,
13227.0,
10684.0,
14081.0,
13372.0,
15037.0,
15468.0,
14799.0,
10632.0,
13611.0,
16121.0,
13057.0,
10180.0,
10963.0,
12601.0,
10075.0,
16441.0,
15020.0,
14134.0,
16959.0,
13631.0,
18321.0,
10087.0,
17360.0,
17037.0,
14237.0,
18555.0,
16196.0,
16027.0,
14566.0,
11745.0,
13161.0,
11984.0,
13143.0,
18296.0,
15759.0,
11569.0,
12854.0,
18857.0,
18199.0,
13072.0,
14670.0,
17127.0,
13751.0,
16799.0,
11319.0,
14126.0,
10271.0,
13606.0,
15444.0,
10476.0,
16424.0,
16370.0,
13450.0,
10238.0,
16199.0,
19036.0,
14897.0,
14861.0,
14312.0,
19345.0,
19430.0,
13316.0,
12854.0,
12795.0,
15707.0,
10001.0,
12675.0,
12423.0,
12829.0,
19645.0,
11723.0,
16384.0,
17686.0,
11113.0,
14879.0,
10511.0,
16608.0,
14596.0,
10916.0,
18568.0,
12430.0,
12784.0,
11403.0,
18414.0,
12408.0,
14648.0,
12511.0,
19215.0,
14416.0,
14034.0,
17137.0,
11231.0,
16808.0,
12708.0,
17715.0,
12164.0,
11902.0,
13044.0,
13300.0,
19955.0,
12299.0,
16568.0,
17558.0,
16383.0,
17959.0,
12246.0,
12317.0,
13734.0,
17448.0,
18420.0,
15916.0,
18900.0,
10147.0,
11993.0,
13072.0,
10039.0,
11557.0,
17117.0,
18744.0,
19003.0,
18373.0,
16098.0,
15598.0,
15639.0,
10093.0,
13484.0,
15206.0,
12976.0,
11966.0,
12608.0,
17284.0,
12287.0,
13749.0,
14020.0,
16745.0,
18828.0,
15948.0,
10550.0,
16152.0,
17248.0,
16220.0,
10621.0,
19490.0,
17782.0,
16722.0,
12970.0,
14789.0,
10105.0,
11052.0,
19705.0,
13546.0,
14028.0,
19473.0,
14636.0,
17189.0,
19930.0,
11865.0,
10364.0,
18731.0,
15920.0,
17894.0,
16855.0,
17764.0,
13534.0,
19254.0,
18560.0,
17401.0,
16693.0,
17399.0,
15753.0,
11156.0,
11996.0,
14638.0,
19018.0,
15924.0,
11437.0,
15742.0,
13985.0,
12190.0,
16167.0,
13351.0,
12502.0,
10483.0,
15414.0,
16386.0,
16631.0,
13872.0,
12854.0,
11906.0,
11295.0,
16869.0,
11583.0,
11994.0,
12300.0,
18581.0,
16301.0,
17957.0,
16052.0,
14263.0,
15945.0,
16448.0,
18532.0,
11834.0,
19388.0,
10050.0,
15001.0,
17404.0,
13800.0,
13614.0,
18659.0,
16926.0,
13319.0,
11223.0,
14235.0,
17251.0,
18203.0,
15716.0,
13994.0,
19746.0,
12574.0,
12526.0,
19282.0,
15113.0,
10923.0,
14436.0,
12499.0,
14431.0,
19974.0,
15220.0,
10297.0,
10676.0,
17986.0,
11304.0,
18236.0,
19876.0,
19701.0,
10337.0,
10367.0,
19203.0,
13416.0,
17773.0,
14506.0,
10467.0,
11159.0,
14157.0,
12188.0,
19546.0,
17664.0,
10289.0,
14115.0,
14263.0,
11323.0,
15880.0,
14613.0,
13262.0,
10989.0,
11233.0,
19094.0,
15016.0,
19234.0,
12594.0,
12590.0,
15124.0,
14507.0,
10285.0,
14684.0,
12997.0,
13060.0,
13363.0,
12658.0,
10191.0,
10435.0,
12392.0,
15604.0,
19970.0,
17080.0,
13585.0,
19681.0,
12275.0,
12516.0,
17538.0,
19123.0,
12327.0,
15954.0,
11418.0,
19613.0,
18342.0,
15869.0,
16427.0,
17727.0,
18355.0,
11817.0,
13285.0,
19563.0,
11541.0,
19681.0,
11673.0,
11334.0,
16958.0,
18257.0,
10737.0,
15436.0,
17165.0,
18819.0,
11501.0,
11121.0,
12114.0,
13664.0,
19703.0,
14644.0,
12434.0,
15517.0,
10802.0,
14641.0,
15767.0,
18929.0,
16949.0,
14618.0,
15858.0,
16251.0,
18170.0,
12606.0,
12821.0,
17144.0,
13939.0,
17524.0,
12236.0,
17552.0,
15855.0,
12553.0,
15275.0,
10804.0,
16017.0,
12263.0,
12570.0,
10791.0,
17628.0,
12704.0,
11756.0,
14735.0,
19805.0,
19771.0,
14448.0,
11239.0,
18216.0,
14307.0,
13082.0,
13201.0,
12719.0,
10915.0,
16559.0,
17540.0,
18852.0,
16899.0,
17175.0,
12382.0,
11749.0,
11062.0,
18270.0,
18846.0,
12735.0,
17169.0,
11100.0,
11308.0,
10703.0,
15417.0,
19188.0,
19801.0,
16529.0,
13750.0,
15029.0,
12582.0,
13886.0,
13806.0,
16288.0,
14789.0,
10735.0,
16028.0,
16861.0,
10040.0,
17171.0,
14817.0,
12700.0,
12113.0,
17195.0,
12593.0,
14962.0,
18608.0,
17866.0,
11514.0,
13953.0,
14663.0,
12462.0,
12013.0,
18387.0,
13143.0,
19753.0,
13863.0,
13550.0,
17137.0,
18709.0,
14985.0,
12546.0,
14066.0,
12759.0,
14163.0,
11399.0,
18823.0,
17718.0,
10305.0,
14253.0,
18465.0,
19722.0,
16216.0,
16065.0,
17431.0,
16505.0,
14433.0,
13487.0,
15007.0,
12268.0,
14879.0,
12334.0,
10649.0,
18399.0,
15909.0,
15957.0,
18016.0,
16324.0,
17238.0,
13644.0,
13777.0,
14899.0,
17182.0,
14543.0,
10939.0,
19117.0,
15178.0,
12856.0,
18898.0,
12876.0,
12058.0,
13506.0,
11709.0,
12470.0,
19598.0,
10620.0,
14951.0,
14362.0,
10019.0,
18802.0,
19831.0,
19789.0,
18685.0,
19310.0,
12221.0,
17418.0,
14161.0,
18548.0,
19415.0,
16633.0,
19246.0,
19295.0,
12821.0,
13843.0,
13142.0,
14807.0,
18175.0,
10147.0,
12237.0,
17098.0,
14762.0,
16911.0,
18393.0,
11388.0,
13889.0,
16627.0,
18261.0,
11864.0,
14929.0,
11181.0,
17020.0,
17971.0,
13814.0,
12029.0,
10303.0,
12597.0,
19562.0,
12070.0,
17534.0,
16836.0,
12931.0,
15067.0,
14886.0,
17910.0,
15667.0,
18648.0,
15641.0,
10480.0,
13904.0,
18884.0,
13112.0,
10300.0,
16128.0,
15251.0,
18596.0,
17964.0,
12917.0,
11274.0,
13139.0,
11525.0,
19709.0,
18428.0,
11542.0,
16085.0,
17127.0,
13970.0,
10735.0,
18632.0,
18237.0,
15035.0,
18216.0,
18300.0,
12650.0,
18430.0,
15447.0,
11660.0,
16070.0,
17466.0,
10400.0,
10187.0,
19131.0,
13831.0,
10097.0,
10621.0,
12084.0,
12174.0,
18771.0,
12137.0,
16897.0,
13704.0,
18663.0,
13908.0,
16487.0,
17069.0,
14565.0,
10863.0,
12607.0,
19413.0,
13283.0,
10769.0,
14474.0,
11689.0,
12305.0,
14910.0,
15880.0,
16887.0,
10338.0,
17591.0,
17086.0,
19036.0,
13176.0,
14655.0,
12134.0,
12862.0,
11526.0,
12820.0,
14604.0,
12361.0,
13515.0,
11280.0,
13339.0,
14567.0,
18510.0,
15824.0,
14521.0,
18550.0,
12750.0,
18504.0,
15018.0,
14434.0,
14019.0,
19657.0,
17604.0,
17363.0,
12838.0,
19712.0,
10911.0,
16809.0,
10993.0,
14591.0,
14425.0,
10964.0,
16877.0,
11595.0,
11348.0,
12850.0,
13976.0,
10859.0,
19399.0,
14851.0,
19098.0,
10335.0,
17433.0,
13005.0,
15546.0,
14253.0,
19781.0,
11237.0,
10415.0,
19245.0,
12614.0,
14724.0,
13211.0,
19610.0,
15544.0,
16899.0,
15063.0,
19142.0,
17645.0,
18813.0,
14286.0,
14869.0,
11443.0,
14896.0,
12346.0,
17887.0,
12438.0,
10792.0,
10301.0,
10729.0,
14262.0,
18970.0,
17769.0,
14115.0,
12972.0,
13046.0,
12167.0,
10051.0,
10884.0,
15748.0,
14054.0,
13492.0,
17633.0,
18610.0,
17344.0,
15969.0,
12106.0,
10985.0,
14887.0,
12264.0,
16766.0,
13261.0,
17806.0,
10539.0,
14381.0,
13957.0,
12677.0,
10597.0,
18566.0,
14142.0,
18316.0,
15249.0,
19162.0,
15311.0,
14670.0,
16352.0,
11634.0,
14013.0,
13548.0,
15286.0,
17634.0,
16295.0,
19925.0,
12564.0,
13446.0,
19580.0,
19384.0,
16719.0,
12161.0,
19457.0,
18374.0,
15214.0,
15771.0,
16134.0,
19177.0,
14862.0,
11842.0,
16957.0,
12720.0,
15108.0,
15333.0,
13634.0,
14390.0,
18969.0,
18155.0,
18982.0,
15301.0,
10474.0,
13359.0,
12591.0,
16947.0,
17291.0,
15256.0,
17365.0,
18111.0,
11661.0,
15505.0,
17715.0,
12483.0,
15839.0,
19930.0,
15167.0,
15637.0,
18240.0,
14816.0,
10431.0,
16053.0,
18511.0,
12658.0,
13760.0,
18789.0,
17386.0,
19891.0,
10719.0,
11163.0,
19589.0,
16841.0,
12318.0,
12255.0,
14805.0,
16001.0,
12103.0,
11806.0,
16438.0,
11471.0,
14975.0,
17521.0,
18558.0,
18789.0,
15565.0,
14582.0,
12333.0,
17596.0,
11999.0,
12019.0,
10758.0,
18962.0,
16726.0,
14152.0,
15608.0,
11873.0,
18916.0,
14572.0,
17104.0,
17921.0,
19914.0,
11527.0,
18556.0,
10978.0,
15683.0,
14344.0,
18322.0,
13552.0,
13766.0,
16679.0,
18357.0,
15635.0,
13006.0,
13438.0,
19742.0,
11227.0,
17230.0,
16347.0,
15790.0,
17864.0,
13658.0,
13249.0,
16203.0,
14748.0,
16190.0,
16484.0,
19412.0,
13309.0,
12990.0,
11949.0,
17106.0,
18508.0,
19205.0,
13432.0,
10588.0,
15344.0,
11617.0,
10408.0,
10217.0,
10640.0,
10125.0,
14451.0,
12234.0,
16602.0,
14421.0,
18443.0,
12371.0,
13811.0,
12993.0,
16912.0,
15195.0,
11527.0,
12800.0,
12228.0,
10833.0,
10969.0,
13167.0,
14030.0,
10475.0,
17645.0,
19396.0,
17904.0,
12832.0,
18195.0,
13332.0,
10336.0,
11276.0,
19110.0,
15605.0,
16083.0,
18534.0,
18704.0,
14808.0,
19891.0,
12284.0,
15734.0,
10169.0,
11453.0,
15653.0,
18727.0,
19022.0,
10135.0,
11829.0,
18393.0,
15793.0,
15377.0,
18514.0,
18223.0,
11030.0,
11877.0,
12596.0,
10980.0,
16516.0,
13736.0,
16334.0,
14918.0,
16293.0,
16567.0,
14473.0,
14605.0,
14965.0,
16554.0,
19975.0,
10256.0,
18312.0,
14436.0,
10382.0,
18455.0,
13920.0,
17517.0,
13809.0,
17402.0,
14842.0,
11432.0,
16799.0,
15285.0,
11606.0,
12521.0,
14982.0,
12031.0,
15449.0,
11819.0,
17218.0,
18121.0,
13576.0,
18364.0,
14073.0,
11741.0,
12580.0,
18137.0,
14486.0,
13595.0,
18875.0,
17029.0,
17582.0,
14511.0,
11785.0,
17355.0,
19346.0,
12226.0,
18705.0,
10862.0,
15376.0,
16705.0,
17581.0,
12323.0,
10009.0,
16510.0,
17031.0,
19556.0,
10784.0,
12519.0,
12689.0,
17300.0,
18605.0,
16685.0,
12901.0,
12404.0,
15626.0,
13828.0,
13414.0,
18460.0,
10748.0,
19199.0,
18423.0,
14454.0,
13101.0,
17507.0,
13128.0,
16693.0,
13958.0,
14115.0,
12493.0,
16605.0,
11318.0,
13418.0,
10257.0,
11636.0,
16689.0,
19861.0,
11510.0,
16166.0,
15545.0,
13748.0,
12043.0,
13415.0,
19440.0,
13569.0,
13417.0,
19170.0,
16173.0,
15433.0,
11828.0,
19239.0,
15403.0,
12770.0,
12024.0,
15365.0,
10723.0,
19686.0,
17110.0,
16345.0,
11657.0,
18292.0,
19138.0,
16405.0,
14072.0,
12160.0,
14374.0,
17403.0,
18453.0,
11132.0,
16586.0,
19203.0,
11041.0,
10259.0,
11872.0,
14781.0,
14618.0,
13182.0,
18895.0,
18465.0,
14542.0,
10574.0,
14288.0,
14657.0,
14432.0,
13675.0,
19827.0,
19216.0,
19107.0,
13437.0,
16509.0,
11400.0,
13787.0,
16913.0,
16505.0,
14312.0,
15228.0,
19035.0,
17779.0,
15694.0,
13712.0,
10249.0,
13877.0,
18208.0,
12239.0,
19877.0,
12632.0,
19868.0,
18406.0,
17377.0,
16292.0,
13233.0,
15603.0,
11794.0,
13292.0,
17883.0,
18504.0,
10179.0,
13174.0,
16507.0,
15524.0,
15110.0,
18642.0,
18465.0,
12152.0,
12506.0,
19445.0,
14889.0,
14127.0,
13534.0,
19870.0,
13394.0,
10078.0,
16897.0,
17900.0,
13873.0,
11814.0,
19346.0,
15817.0,
17352.0,
13019.0,
16892.0,
15970.0,
13364.0,
15574.0,
12093.0,
18820.0,
12224.0,
19789.0,
12589.0,
14210.0,
19506.0,
15092.0,
12578.0,
11180.0,
19439.0,
18253.0,
18193.0,
14259.0,
15683.0,
18412.0,
17476.0,
10717.0,
15804.0,
14842.0,
16646.0,
11092.0,
10062.0,
14072.0,
10010.0,
17737.0,
15239.0,
19054.0,
11321.0,
16926.0,
18346.0,
12172.0,
13604.0,
19793.0,
16267.0,
14033.0,
14283.0,
12530.0,
15384.0,
12044.0,
12378.0,
13558.0,
19431.0,
17779.0,
17221.0,
19622.0,
18756.0,
13861.0,
12166.0,
15493.0,
12481.0,
14578.0,
15612.0,
13996.0,
16692.0,
10358.0,
10857.0,
10313.0,
12463.0,
17188.0,
12684.0,
19538.0,
19746.0,
10770.0,
13830.0,
10280.0,
15203.0,
16550.0,
13547.0,
16403.0,
16696.0,
18382.0,
10399.0,
18797.0,
14332.0,
19432.0,
14239.0,
17836.0,
16642.0,
15743.0,
11689.0,
14086.0,
16941.0,
17977.0,
19057.0,
17094.0,
16412.0,
16556.0,
12852.0,
12364.0,
13203.0,
12502.0,
18102.0,
19529.0,
15358.0,
10637.0,
18289.0,
19847.0,
11237.0,
10453.0,
18070.0,
14977.0,
14331.0,
12554.0,
15502.0,
18995.0,
14277.0,
16966.0,
18025.0,
12780.0,
19485.0,
17722.0,
13479.0,
13780.0,
10550.0,
19542.0,
11585.0,
11257.0,
15639.0,
10519.0,
16127.0,
15183.0,
17361.0,
14240.0,
10659.0,
14454.0,
19631.0,
19375.0,
10137.0,
11359.0,
10694.0,
17520.0,
18902.0,
15228.0,
19061.0,
17655.0,
10507.0,
15115.0,
18800.0,
17225.0,
10027.0,
12558.0,
17001.0,
13142.0,
10306.0,
17672.0,
10832.0,
14726.0,
19713.0,
15548.0,
14210.0,
10550.0,
19775.0,
14952.0,
11325.0,
18002.0,
18975.0,
17998.0,
14434.0,
14617.0,
13119.0,
10650.0,
15784.0,
18182.0,
13131.0,
18865.0,
13222.0,
14487.0,
10377.0,
17917.0,
18217.0,
19686.0,
16125.0,
13845.0,
17940.0,
10497.0,
14035.0,
17458.0,
17595.0,
11533.0,
17533.0,
19672.0,
14135.0,
19689.0,
15461.0,
19749.0,
11119.0,
11258.0,
12537.0,
15062.0,
18592.0,
19752.0,
11938.0,
19620.0,
16900.0,
11688.0,
13901.0,
11753.0,
11634.0,
15915.0,
14728.0,
13045.0,
17295.0,
11789.0,
15605.0,
11578.0,
13594.0,
15259.0,
16271.0,
16564.0,
10945.0,
18745.0,
19492.0,
16000.0,
18327.0,
18061.0,
15437.0,
16806.0,
16632.0,
17508.0,
10314.0,
10176.0,
17748.0,
10784.0,
13812.0,
13783.0,
11613.0,
14910.0,
18874.0,
10278.0,
15027.0,
13518.0,
13322.0,
15215.0,
14519.0,
17015.0,
16041.0,
18514.0,
15085.0,
18728.0,
12825.0,
17396.0,
11812.0,
18730.0,
11253.0,
16702.0,
12664.0,
10422.0,
14098.0,
16650.0,
14516.0,
18470.0,
14184.0,
16844.0,
10051.0,
19794.0,
10836.0,
14120.0,
19777.0,
17291.0,
16944.0,
10711.0,
12811.0,
13597.0,
12696.0,
15292.0,
11497.0,
13204.0,
16196.0,
11477.0,
11674.0,
14049.0,
13315.0,
13810.0,
16436.0,
11728.0,
14020.0,
19773.0,
11834.0,
11459.0,
13910.0,
15532.0,
13527.0,
19985.0,
16724.0,
14043.0,
18155.0,
11776.0,
13788.0,
15100.0,
16249.0,
18818.0,
17449.0,
14966.0,
12221.0,
16799.0,
14232.0,
17821.0,
17240.0,
15356.0,
16131.0,
14688.0,
11139.0,
16126.0,
16390.0,
12165.0,
17047.0,
19209.0,
18072.0,
17959.0,
13671.0,
17154.0,
12983.0,
17295.0,
19094.0,
11935.0,
17580.0,
17703.0,
11795.0,
15055.0,
16517.0,
16946.0,
12796.0,
19324.0,
15391.0,
18900.0,
10504.0,
11070.0,
10224.0,
11174.0,
19394.0,
15305.0,
13679.0,
17143.0,
17176.0,
18654.0,
17958.0,
17693.0,
17829.0,
11871.0,
17970.0,
17877.0,
18583.0,
10047.0,
10920.0,
18374.0,
11500.0,
18361.0,
17892.0,
15254.0,
17005.0,
11591.0,
14005.0,
12034.0,
19999.0,
17354.0,
12044.0,
16067.0,
17734.0,
16003.0,
15774.0,
11526.0,
15002.0,
18495.0,
14758.0,
12316.0,
13927.0,
10835.0,
13596.0,
17520.0,
19428.0,
18918.0,
12881.0,
19089.0,
10761.0,
18604.0,
13247.0,
11407.0,
18872.0,
17259.0,
10753.0,
12909.0,
12981.0,
13427.0,
19693.0,
16606.0,
18646.0,
19901.0,
17233.0,
15543.0,
16011.0,
14956.0,
19449.0,
15977.0,
17031.0,
13392.0,
14804.0,
13853.0,
10005.0,
18277.0,
11417.0,
16275.0,
15192.0,
14955.0,
14446.0,
18238.0,
12603.0,
18336.0,
15815.0,
10327.0,
18073.0,
15036.0,
13027.0,
16610.0,
14627.0,
18375.0,
11113.0,
19535.0,
14748.0,
17247.0,
11460.0,
13712.0,
16322.0,
16686.0,
11707.0,
10348.0,
12496.0,
12380.0,
19792.0,
13833.0,
11323.0,
17680.0,
13713.0,
13104.0,
14023.0,
10857.0,
14802.0,
11358.0,
10062.0,
19202.0,
12588.0,
16368.0,
19863.0,
11880.0,
15252.0,
15545.0,
18218.0,
17368.0,
17632.0,
17054.0,
12607.0,
10493.0,
16467.0,
13208.0,
12179.0,
12211.0,
17797.0,
10211.0,
11648.0,
12039.0,
17600.0,
13881.0,
15941.0,
19843.0,
17968.0,
12282.0,
11111.0,
10587.0,
19153.0,
13136.0,
19020.0,
10213.0,
15619.0,
18067.0,
12630.0,
10324.0,
12097.0,
10044.0,
15087.0,
16663.0,
12228.0,
11466.0,
11477.0,
18998.0,
18133.0,
19262.0,
14086.0,
19831.0,
11479.0,
19335.0,
13945.0,
11453.0,
12318.0,
12909.0,
17918.0,
19715.0,
16350.0,
16082.0,
15477.0,
18794.0,
16891.0,
16564.0,
19417.0,
12120.0,
11066.0,
10149.0,
11217.0,
16764.0,
17490.0,
17941.0,
17202.0,
14882.0,
10756.0,
19972.0,
16302.0,
11475.0,
11687.0,
10021.0,
15771.0,
15489.0,
17934.0,
17747.0,
10898.0,
16019.0,
15034.0,
16409.0,
15487.0,
13491.0,
17470.0,
19559.0,
13544.0,
13855.0,
19272.0,
12356.0,
18301.0,
12323.0,
19587.0,
11688.0,
12443.0,
16660.0,
16389.0,
12220.0,
12727.0,
12707.0,
19609.0,
11149.0,
10048.0,
15168.0,
13994.0,
11000.0,
15622.0,
15414.0,
12622.0,
11688.0,
16672.0,
19866.0,
15118.0,
13549.0,
12066.0,
11787.0,
15517.0,
15378.0,
16395.0,
13049.0,
14003.0,
15626.0,
10331.0,
11153.0,
18173.0,
19541.0,
18222.0,
13813.0,
11791.0,
18013.0,
17068.0,
13128.0,
11760.0,
13309.0,
18584.0,
11331.0,
11442.0,
18099.0,
17706.0,
10867.0,
17634.0,
15088.0,
18944.0,
10516.0,
13557.0,
17700.0,
13764.0,
16427.0,
12811.0,
12591.0,
16848.0,
18258.0,
19462.0,
19961.0,
18872.0,
13334.0,
19710.0,
17986.0,
15677.0,
17439.0,
11477.0,
16916.0,
11944.0,
11360.0,
12675.0,
14713.0,
11693.0,
14030.0,
19113.0,
19928.0,
13871.0,
14163.0,
16489.0,
16782.0,
14116.0,
16728.0,
17311.0,
12000.0,
15607.0,
10109.0,
16713.0,
10992.0,
15286.0,
12246.0,
15473.0,
18902.0,
19824.0,
19858.0,
11107.0,
13043.0,
11708.0,
17590.0,
11432.0,
10444.0,
11154.0,
12440.0,
14067.0,
15728.0,
15288.0,
11600.0,
12543.0,
16183.0,
14416.0,
18036.0,
17880.0,
17889.0,
12907.0,
14406.0,
18505.0,
10969.0,
14677.0,
17301.0,
15110.0,
18665.0,
15627.0,
16203.0,
19331.0,
11918.0,
13913.0,
18171.0,
17242.0,
11017.0,
15836.0,
19300.0,
10783.0,
13376.0,
12783.0,
15353.0,
10093.0,
19501.0,
13348.0,
10447.0,
13590.0,
12824.0,
17827.0,
16255.0,
10260.0,
14895.0,
18294.0,
15692.0,
10909.0,
12909.0,
12452.0,
14589.0,
11706.0,
16677.0,
14172.0,
18437.0,
11649.0,
17369.0,
10742.0,
19610.0,
17340.0,
14586.0,
12803.0,
11984.0,
17265.0,
16759.0,
15258.0,
17077.0,
18304.0,
13565.0,
17646.0,
16514.0,
16994.0,
18024.0,
11700.0,
10480.0,
14309.0,
13030.0,
18257.0,
17796.0,
16495.0,
16609.0,
11727.0,
10441.0,
11413.0,
19548.0,
10720.0,
14263.0,
13173.0,
12814.0,
19965.0,
14807.0,
15239.0,
13108.0,
10466.0,
19372.0,
14685.0,
17158.0,
12921.0,
10804.0,
12988.0,
10933.0,
19393.0,
10592.0,
14949.0,
13356.0,
13115.0,
19349.0,
11252.0,
16570.0,
14234.0,
14929.0,
12343.0,
10645.0,
10041.0,
11447.0,
16514.0,
15524.0,
12556.0,
12735.0,
18911.0,
10077.0,
12618.0,
13678.0,
19813.0,
11926.0,
10532.0,
10999.0,
17970.0,
14667.0,
13809.0,
12080.0,
11909.0,
17076.0,
10272.0,
18040.0,
11553.0,
10341.0,
11030.0,
19963.0,
11427.0,
18462.0,
15846.0,
17293.0,
12227.0,
14553.0,
16335.0,
13153.0,
19807.0,
16414.0,
12780.0,
18510.0,
19940.0,
13543.0,
15240.0,
12729.0,
15850.0,
13425.0,
19352.0,
14571.0,
10106.0,
14409.0,
12761.0,
11196.0,
11540.0,
14065.0,
11593.0,
16201.0,
13643.0,
14225.0,
15164.0,
13571.0,
16907.0,
12752.0,
17050.0,
10022.0,
10871.0,
18604.0,
10889.0,
19771.0,
14450.0,
11081.0,
18679.0,
14312.0,
15378.0,
14672.0,
13655.0,
18212.0,
17859.0,
15252.0,
17808.0,
10516.0,
18625.0,
10997.0,
13902.0,
10847.0,
16009.0,
19310.0,
11949.0,
12989.0,
13208.0,
12692.0,
12371.0,
17432.0,
15665.0,
10816.0,
18218.0,
14050.0,
15819.0,
18627.0,
11519.0,
15293.0,
12860.0,
19659.0,
12904.0,
19376.0,
18973.0,
12709.0,
11837.0,
13529.0,
18895.0,
17219.0,
12233.0,
13149.0,
17015.0,
11945.0,
15947.0,
13851.0,
16282.0,
17467.0,
13823.0,
11314.0,
15677.0,
14438.0,
17068.0,
18373.0,
18794.0,
14948.0,
19819.0,
12489.0,
19397.0,
18784.0,
15486.0,
16159.0,
19520.0,
18471.0,
13488.0,
14846.0,
17720.0,
10769.0,
15047.0,
10701.0,
10231.0,
15206.0,
14302.0,
12619.0,
10877.0,
13098.0,
19202.0,
17812.0,
10654.0,
16691.0,
15970.0,
10809.0,
17084.0,
10644.0,
13888.0,
12210.0,
19373.0,
19411.0,
15497.0,
10931.0,
15818.0,
13773.0,
15996.0,
19654.0,
15861.0,
10489.0,
10617.0,
11864.0,
12101.0,
18402.0,
19299.0,
11028.0,
12092.0,
15151.0,
15391.0,
11805.0,
12242.0,
10197.0,
10232.0,
11687.0,
14775.0,
10169.0,
19256.0,
15156.0,
14657.0,
15972.0,
16861.0,
19346.0,
10606.0,
11566.0,
16985.0,
12060.0,
18601.0,
15023.0,
11433.0,
18314.0,
18696.0,
11300.0,
15328.0,
14568.0,
19540.0,
10355.0,
15646.0,
11887.0,
15886.0,
17051.0,
15348.0,
11501.0,
17026.0,
16227.0,
14611.0,
11142.0,
19852.0,
11223.0,
15374.0,
10996.0,
18290.0,
17194.0,
12919.0,
12574.0,
16384.0,
18816.0,
11193.0,
17412.0,
12734.0,
15623.0,
16280.0,
11428.0,
10057.0,
13938.0,
17091.0,
18911.0,
19594.0,
16941.0,
12530.0,
18226.0,
12342.0,
16977.0,
15481.0,
15354.0,
18535.0,
11457.0,
13748.0,
19682.0,
17586.0,
11456.0,
13445.0,
19275.0,
14966.0,
12373.0,
19244.0,
11742.0,
10016.0,
15766.0,
17807.0,
11803.0,
17593.0,
19334.0,
14043.0,
15963.0,
14670.0,
10025.0,
13411.0,
15863.0,
15112.0,
19174.0,
19285.0,
16529.0,
11811.0,
14703.0,
10798.0,
13600.0,
18154.0,
17150.0,
10334.0,
10944.0,
13229.0,
11503.0,
18886.0,
17848.0,
18249.0,
14553.0,
17532.0,
19700.0,
15493.0,
18837.0,
15533.0,
15780.0,
16807.0,
11757.0,
15789.0,
18559.0,
14492.0,
17450.0,
11751.0,
11875.0,
13408.0,
19096.0,
19376.0,
16765.0,
15704.0,
15258.0,
15553.0,
18792.0,
19206.0,
11804.0,
10039.0,
12895.0,
10087.0,
10529.0,
16879.0,
10489.0,
14187.0,
19878.0,
15842.0,
19258.0,
18453.0,
11931.0,
17341.0,
19948.0,
13619.0,
17293.0,
14362.0,
10716.0,
18842.0,
18248.0,
18003.0,
14627.0,
16191.0,
19031.0,
16720.0,
13018.0,
15109.0,
10913.0,
18697.0,
12616.0,
13674.0,
18573.0,
13368.0,
16443.0,
19812.0,
13818.0,
13645.0,
13190.0,
15910.0,
17526.0,
18943.0,
18756.0,
16055.0,
15791.0,
10185.0,
14501.0,
19062.0,
16161.0,
19590.0,
17530.0,
15680.0,
19476.0,
18941.0,
18363.0,
12286.0,
15440.0,
19202.0,
16827.0,
15516.0,
11140.0,
11336.0,
17284.0,
12491.0,
18183.0,
19039.0,
18426.0,
13221.0,
10749.0,
17332.0,
18905.0,
13698.0,
17989.0,
19226.0,
16322.0,
15197.0,
